id,status,name,similar,simHouse,type,char,group,season,notesTop,notesHeart,notesBase,badge,desc
1,in_stock,Elysian,Goddess,Burberry,f,fresh,фужерный,,"Ваниль, Лаванда, Какао и Имбирь",Vanilla Caviar,Абсолют ванили,hit,"Burberry Goddess — это гимн современной женственности, рождённый в стенах легендарного британского дома. Выпущенный в 2023 году, он стал одним из самых громких дебютов сезона: парфюмер Дариус Рашид превратил лаванду — традиционно «мужскую» ноту — в нечто безгранично чувственное. Vanilla Caviar в сердце аромата придаёт ему кремовую, почти осязаемую текстуру, а финал из абсолюта ванили окутывает кожу тёплым, стойким шлейфом.

Этот аромат чаще ищут: Burberry Goddess, Бёрберри Годдесс, лавандовый ванильный женский парфюм, Burberry Goddess отзывы, женский парфюм лаванда ваниль 2023"
2,in_stock,Be Italian,Born in Roma V1,Valentino,f,floral,восточные цветочные,,"Мандарин, Бергамот, Гардения, Ваниль","Туберроза, Ваниль, Пачули","Пачули, Ваниль, Ветивер, Сандал",hit,"Valentino Born in Roma V1 — смелая интерпретация классического аромата, посвящённая вечному городу. Дом Valentino объединил контрасты: уличную энергию Рима и утончённость высокой моды. Аромат раскрывается через нарциссово-ирисовый аккорд, который постепенно переходит в тёплую, пудровую базу. Это не просто парфюм — это архитектурное путешествие по улицам, где история встречается с современностью.

Этот аромат чаще ищут: Valentino Born in Roma V1, Валентино Борн ин Рома, Born in Roma женский, парфюм Рим Валентино, valentino born in roma отзывы"
3,in_stock,Rebel Bloom,L'intertid,Givenchy,f,floral,восточные-цветочные,,Груша и Бергамот,"Тубероза, Цветок апельсина и Жасмин Самбак","Пачули, Ваниль, Ambroxan и Ветивер",hit,"Givenchy L'Interdit — история запретного соблазна. Этот аромат впервые создавался для Одри Хепбёрн, и дух иконы до сих пор живёт в каждом флаконе. Современная версия сочетает пудровую тубероузу с дымным пачули и смолистым амброксаном — это контраст невинности и провокации, дня и ночи. Аромат для той, кто умеет нарушать правила с изяществом.

Этот аромат чаще ищут: Givenchy L'Interdit, Живанши запретный, L Interdit женский парфюм, туберроза пачули женский, Живанши розовый флакон"
4,in_stock,Rouge bouqet,Rouge Trafalgar,Dior,f,sweet,шипровые фруктовые,,"Малина, Клубника, Вишня и Мандарин",Черная смородина и Грейпфрут,Мускус и Пачули,,"Dior Rouge Trafalgar — изысканный шипровый аромат, вдохновлённый лондонскими площадями и парижским шиком. Сочная малина и спелая вишня открывают аромат с ягодной элегантностью, которую подхватывает пикантная чёрная смородина. Пачули и мускус в основании придают глубину и стойкость. Аромат существует на грани двух столиц — строгий и игривый одновременно.

Этот аромат чаще ищут: Dior Rouge Trafalgar, Диор Руж Трафальгар, шипровый фруктовый женский Диор, Dior ягодный парфюм, Диор малина вишня"
5,in_stock,Reverie,Devotion,Dolce Gabanna,f,oriental,восточные гурманские,,Candied Lemon,"Панна-котта, Цветок апельсина и Ром",Ваниль,hit,"Dolce & Gabbana Devotion — признание в любви, запечатённое в хрустальном флаконе. Парфюм открывается нотой засахаренного лимона, словно кусочек итальянского лимончелло, а сердце из панна-котты и цветка апельсина переносит в лучший ресторан на берегу Амальфи. Ваниль в финале — тёплая и обволакивающая, как итальянское солнце. Это аромат для тех, кто влюблён в жизнь.

Этот аромат чаще ищут: Dolce Gabbana Devotion, Дольче Габбана Девоушн, гурманный женский парфюм DG, панна-котта ваниль лимон парфюм, dolce devotion отзывы"
6,in_stock,Skin nudes,For her Musc Nude,Narciso Rodriges,f,floral,цветочные мускусные,,"Белые цветы, Жасмин и Розовый перец","Мускус, Дамасская роза и Цветок апельсина","Бобы тонка, Пачули и Кедр",hit,"Narciso Rodriguez For Her Musc Nude — квинтэссенция мускусной философии Нарцисо Родригеса, рафинированной до предела. Созданный парфюмером Соней Константен, этот аромат превращает мускус в нечто интимное и осязаемое, словно тёплая кожа после душа. Розовый перец придаёт лёгкую пряность открытию, дамасская роза делает сердце женственным, а тонка и пачули создают загадочный, долгий шлейф. Аромат-вторая кожа.

Этот аромат чаще ищут: Narciso Rodriguez For Her Musc Nude, Нарцисо Родригес мускус нюд, мускусный парфюм женский, narciso rodriguez for her nude отзывы, нарцисо мускус розовый"
7,in_stock,Havana Suede,Tobacco Vanille,Tom Ford,uni,oriental,восточные пряные,,Лист табака и Пряности,"Ваниль, Какао, Бобы тонка и Цветок табака",Сухофрукты и Древесные ноты,,"Tom Ford Tobacco Vanille — роскошный манифест декаданса. С момента запуска в 2007 году этот аромат стал иконой для ценителей tabac-oriental: табачный лист, соединённый с ванилью, какао и тонкой, создаёт головокружительный, почти ликёрный шлейф. Говорят, он напоминает воздух кубинской сигарной лавки в Гаване — пряный, тёплый, немного запретный. Один из самых тиражируемых, но так и непревзойдённых.

Этот аромат чаще ищут: Tom Ford Tobacco Vanille, Том Форд табак ваниль, табачный ванильный парфюм, TF Tobacco Vanille унисекс, том форд тобакко"
8,in_stock,Oak Wood,Oud Wood,Tom Ford,uni,woody,восточные древесные,,"Уд, розовое дерево, кардамон, сандалд, сычуанький перец, ваниль, ветивер, бобы тонка, амбра",,,,"Tom Ford Oud Wood — пионер в мире удовых ароматов, выпущенный в 2007 году и мгновенно ставший эталоном жанра. Том Форд соединил редкий уд с розовым деревом и кардамоном, добавив мягкость сандала и сладость тонки. В отличие от большинства удовых парфюмов, Oud Wood звучит сдержанно и современно — как восточная роскошь в западном прочтении. Это универсальный аромат вне времени и сезона.

Этот аромат чаще ищут: Tom Ford Oud Wood, Том Форд Уд Вуд, удовый парфюм унисекс, TF oud wood отзывы, том форд древесный уд"
9,in_stock,Cherry Crush,Lost Cherry,Tom Ford,uni,floral,восточные цветочные,,"Горький миндаль, Черная вишня и Cherry Liqueur","Вишня, Слива, Турецкая роза и Жасмин Самбак","Ваниль, Бобы тонка, Корица, Перуанский бальзам, Сандал, Бензоин, Гвоздика (пряность), Кедр, Пачули и Ветивер",hit,"Tom Ford Lost Cherry — соблазн в стекле. Этот аромат 2018 года — игра контрастов: горький миндаль и вишнёвый ликёр создают мгновенно узнаваемое открытие в духе черешневого марципана. Турецкая роза и жасмин самбак добавляют цветочную глубину, а шлейф из ванили, тонки и сандала делает его по-настоящему долгим и чувственным. Аромат для тех, кто любит ночные истории.

Этот аромат чаще ищут: Tom Ford Lost Cherry, Том Форд потерянная вишня, вишнёвый парфюм TF, Lost Cherry отзывы, том форд вишня ваниль"
10,in_stock,Peach Skin,Bitter Peach,Tom Ford,uni,oriental,восточные гурманские,,"Персик, Красный апельсин, Кардамон и Гелиотроп","Ром, Коньяк, Давана и Жасмин","Ваниль, Пачули из Индонезии, Бобы тонка, Сандал, Бензоин, Кашмеран, Стиракс, Лабданум и Ветивер",,"Tom Ford Bitter Peach — гедонистический гурман, вышедший в 2020 году. Это не просто парфюм с персиком — это коктейль: красный апельсин и кардамон открывают его с игривой резкостью, ром и коньяк в сердце добавляют алкогольную объёмность, а финал из ванили, тонки и сандала — тягучий и роскошный. Bitter Peach пьянит, провоцирует и долго не отпускает.

Этот аромат чаще ищут: Tom Ford Bitter Peach, Том Форд горький персик, персиковый ром парфюм TF, tom ford bitter peach отзывы, гурманный унисекс том форд"
11,in_stock,Porto Chervo,Neroli Portofino,Tom Ford,uni,fresh,цитрусовые фужерные,,"Бергамот, Мандарин, Лимон, Горький апельсин, Лаванда, Розмарин и Мирт","Африканский апельсиновый цвет, Нероли, Жасмин и Питоспорум","Амбра, Амбретта и Ангелика",,"Tom Ford Neroli Portofino — солнечная открытка с итальянской Ривьеры. Созданный в 2011 году, этот аромат стал воплощением беззаботного средиземноморского лета. Нероли, мандарин и бергамот сверкают в открытии, а жасмин и питоспорум передают аромат прибрежных садов. Основание из амбры и амбретты удерживает ту самую тёплую кожу на морском бризе. Идеален для лета и путешествий.

Этот аромат чаще ищут: Tom Ford Neroli Portofino, Том Форд Нероли Портофино, цитрусовый летний парфюм унисекс, TF neroli portofino отзывы, том форд морской нероли"
12,in_stock,Hypnosis,Fleur Narcotiq,Ex Nihilo,uni,floral,цветочные фруктовые,,"Личи, Бергамот и Персик","Пион, Цветок апельсина, Жасмин и Петалия (аромат пиона и розы)","Мускус, Мох и Древесные ноты",hit,"Ex Nihilo Fleur Narcotique — роскошное цветочное колдовство от парижского нишевого дома. Аромат открывается сочной тропической вспышкой личи и персика, переходя в пышный букет из пиона, жасмина и нарцисса. Именно здесь и живёт его «наркотическое» обаяние — в этом точно выверенном балансе сладкого и зелёного. Дом Ex Nihilo был основан в Париже в 2013 году с идеей создавать ароматы как ювелирные украшения — штучно и безупречно.

Этот аромат чаще ищут: Ex Nihilo Fleur Narcotique, Экс Нихило Флер Нарцотик, нишевый цветочный парфюм личи пион, ex nihilo парфюм отзывы, французский нишевый флораль"
13,in_stock,Desert Suede,Santal 33,Le Labo,uni,fresh,древесные фужерные,,"Сандал, кожа, папирус, вирджинский кедр, кардамон, фиалка, ирис, амбра",,,,"Le Labo Santal 33 — культовый аромат, ставший символом целой эпохи нишевой парфюмерии. Созданный в 2011 году, он покорил Нью-Йорк, а затем весь мир своим ковбойским характером: мягкий кремовый сандал переплетается с дымной берёзой, кожаными нотами и сухим кедром. Часто говорят, что это «аромат Бруклина» — небрежный, современный, узнаваемый с первого вдоха. Le Labo принципиально смешивают каждый флакон вручную с датой.

Этот аромат чаще ищут: Le Labo Santal 33, Ле Лабо Сантал 33, сандал кожа парфюм унисекс, labo santal 33 отзывы, культовый нишевый сандал"
14,in_stock,Moon Sunrise,Ganymede,Marc Antoine Barrois,uni,oriental,древесные пряные,,Шафран и Итальянский мандарин,"Китайский османтус, Лист фиалки и Бессмертник","Минеральные ноты, Замша, Akigalawood, Мускус, Кедр и Пачули",,"Marc Antoine Barrois Ganymede — авангардный аромат, созданный совместно с легендарным парфюмером Квентином Бишем. Своё название он получил в честь Ганимеда — прекраснейшего из смертных, похищенного Зевсом. Шафран и мандарин открывают его с тёплой пряностью, османтус придаёт фруктово-абрикосовую бархатистость, а финал из замши и акигалавуда делает его современным и запоминающимся. Аромат для тех, кто ценит нестандартное.

Этот аромат чаще ищут: Marc Antoine Barrois Ganymede, Ганимед парфюм, Barrois Ganymede унисекс, нишевый шафран замша парфюм, marc antoine barrois отзывы"
15,in_stock,Oud & Honey,Magic,Al Jeazeera,uni,floral,восточные цветочные,,Озон и Соль,Турецкая роза и Пралине,"Ваниль, Amber Xtreme и Пачули",hit,"Al Jazeera Magic — ориентальная сказка с восточным характером. Аромат открывается чистым озоновым аккордом с морской солью, создавая иллюзию свежести пустынного ветра, а затем раскрывается пышной турецкой розой и сладким пралине. Ваниль и пачули в основании добавляют мягкую, тягучую глубину. Это аромат для вечеров и торжественных моментов.

Этот аромат чаще ищут: Al Jazeera Magic, Аль Джазира Мэджик, ориентальный роза ваниль парфюм, восточный сладкий парфюм унисекс, oud honey парфюм"
16,in_stock,Devil Dress,Kirke,Tiziana Terenzi,uni,sweet,шипровые фруктовые,,"Маракуйя, Персик, Груша, Малина, Лист черной смородины и Песок",Ландыш,"Мускус, Сандал, Ваниль, Пачули и Гелиотроп",hit,"Tiziana Terenzi Kirke — взрывное начало истории о волшебнице Кирке с острова Эя. Итальянский нишевый дом создал аромат, в котором тропические фрукты — маракуйя, персик, груша, малина — сплетаются в гипнотическую мозаику. Единственная нота ландыша в сердце словно очищает и освежает этот щедрый фруктовый букет, а мускусно-сандаловое основание удерживает его долгими часами. Настоящий летний гедонизм.

Этот аромат чаще ищут: Tiziana Terenzi Kirke, Тициана Терензи Кирке, фруктовый нишевый парфюм, итальянский нишевый Kirke отзывы, маракуйя персик парфюм"
17,in_stock,Lumière,Gumin,Tiziana Terenzi,uni,fresh,,"весна / лето / осень, день","Мандарин, Апельсин, Ананас и Бергамот","Озон, Амбра, Фиалка, Жасмин и Роза","Мускус, Сандал, Береза и Уд",hit,"Tiziana Terenzi Gumin — солнечный и лёгкий аромат от итальянского дома, вдохновлённый духом Средиземноморья. Мандарин, апельсин и ананас создают искристое, праздничное начало, которое плавно переходит в цветочно-амбровое сердце с нотами фиалки и жасмина. Мускус, сандал и берёза в основании дают ощущение чистоты и воздушности. Универсальный аромат для тех, кто ищет лёгкую нишевую роскошь.

Этот аромат чаще ищут: Tiziana Terenzi Gumin, Тициана Терензи Гумин, итальянский нишевый цитрусовый, Gumin парфюм унисекс, tiziana terenzi gumin отзывы"
18,in_stock,Coastal Sage,Wood Sage & Sea salt,Jo Malone,uni,fresh,фужерные,,"Морской воздух смешивается с запахами соли, песка, гальки и морских коряг, образуя естественный, свежий и сложный аромат, сочетающий в себе ноты дерева и моря, воплощающий собой свободу и дух природы.",,,,"Jo Malone Wood Sage & Sea Salt — глоток свежего морского воздуха в небольшом флаконе. Этот аромат 2014 года стал одним из самых узнаваемых в коллекции дома: шалфей и морская соль создают минималистичную, почти медитативную картину побережья. Никакой сладости, никакой напыщенности — только честный запах гальки, влажного дерева и ветра. Jo Malone — британский дом, где каждый аромат существует как отдельная история.

Этот аромат чаще ищут: Jo Malone Wood Sage Sea Salt, Джо Малон морская соль шалфей, морской парфюм унисекс, Jo Malone Wood Sage отзывы, британский нишевый парфюм морской"
19,in_stock,Berry & Moss,Balckberry Bay,Jo Malone,f,floral,цветочные фруктовые,,"Ежевика, лавр, грепфрут, кедр, ветивер, цветочные ноты",,,,"Jo Malone Blackberry & Bay — ароматный snapshot осеннего британского сада. Ежевика с лавровым листом создают контраст, который невозможно забыть: сладкое и терпкое, знакомое и неожиданное. Грейпфрут добавляет лёгкую цитрусовую яркость, кедр и ветивер удерживают аромат в земном, растительном ключе. Один из подписных ароматов дома Jo Malone — для тех, кто любит природу во флаконе.

Этот аромат чаще ищут: Jo Malone Blackberry Bay, Джо Малон ежевика лавр, ягодный парфюм Jo Malone, jo malone blackberry отзывы, британский фруктовый парфюм женский"
20,in_stock,Verdant,Herba Pura,Xerjoff,uni,fresh,восточные,,"Сицилийский апельсин, Калабрийский бергамот и Сицилийский лимон",Фруктовые ноты,"Белый мускус, Мадагаскарская ваниль и Амбра",hit,"Xerjoff Erba Pura — настоящая легенда итальянского нишевого дома, выпущенная в 2017 году. «Чистая трава» в названии обманчива: за ней скрывается феерически сладкий, летний и солнечный аромат. Сицилийские цитрусы — апельсин, бергамот, лимон — составляют фундамент, поверх которого расцветает белый мускус с мадагаскарской ванилью. Результат — ощущение итальянского пляжа, разлитое во флаконе ручной работы.

Этот аромат чаще ищут: Xerjoff Erba Pura, Ксерджофф Эрба Пура, итальянский нишевый цитрус ваниль, xerjoff отзывы, сладкий летний нишевый парфюм"
21,in_stock,Rouge de Feu,Baccarat Rouge 540,Kurkijan,uni,floral,восточные цветочные,,Шафран и Жасмин,"Amberwood, Серая амбра и Гедион","Еловая смола, Кедр, Сахар, Ambroxan и Дубовый мох",hit,"Maison Francis Kurkdjian Baccarat Rouge 540 — аромат, изменивший парфюмерную индустрию. Созданный в 2015 году по заказу хрустальной мануфактуры Baccarat к её 250-летию, он быстро стал самым узнаваемым нишевым ароматом эпохи. Шафран и жасмин открываются пикантно и тепло, amberwood создаёт сладко-смолистое сердце, а финишный аккорд кедра и амброксана оставляет бесконечный след. Это аромат-статус.

Этот аромат чаще ищут: Baccarat Rouge 540, МФК 540, Баккара Руж, Francis Kurkdjian BR540, baccarat rouge отзывы, нишевый парфюм красный флакон"
22,in_stock,Saffron Velvet,Arabian Tonka,Montale,uni,woody,восточные древесные,,Шафран и Бергамот,Уд и Болгарская роза,"Бобы тонка, Сахарный тростник, Амбра, Белый мускус и Дубовый мох",hit,"Montale Arabian Tonka — восточная поэзия в аромате. Парижский дом Montale, основанный Пьером Монталем после жизни в Саудовской Аравии, умеет создавать ориентальные ароматы с французской точностью. Arabian Tonka начинается с пряного шафрана и бергамота, в сердце открывается уд с болгарской розой, а долгий шлейф из тонки, амбры и дубового мха создаёт бархатистую, тёплую ауру. Для ценителей восточного стиля.

Этот аромат чаще ищут: Montale Arabian Tonka, Монталь Арабиан Тонка, ориентальный шафран уд парфюм, montale отзывы, восточный тонка парфюм унисекс"
23,in_stock,Rose Supreme,Roses Musk,Montale,f,woody,цветочные древесно-мускусные,,"роза, мускус, жасмин",,,hit,"Montale Roses Musk — роза в её самом нежном и чистом проявлении. Montale сохранил здесь красоту цветка, не перегружая его слоями: свежая роза, поддержанная жасмином, плывёт в мягком облаке белого мускуса. Аромат невесом, почти акварелен — идеален для тех, кто любит флоральные, но избегает тяжёлого. Хороший выбор для повседневного использования и офиса.

Этот аромат чаще ищут: Montale Roses Musk, Монталь роза мускус, цветочный мускусный парфюм женский, Montale Rose Musk отзывы, лёгкий розовый парфюм"
24,in_stock,Ambroxane,Molecule 02,Escentric Molecules,uni,fresh,восточные,,Ambroxan,,,,"Escentric Molecules Molecule 02 — парфюм-невидимка на основе единственной молекулы амброксана. Этот аромат не существует в привычном смысле — он создаётся заново на каждом человеке, реагируя на pH кожи. Кто-то ощущает его почти морским и чистым, кто-то — тёплым и немного животным. Берлинский дом Escentric Molecules, основанный Гезой Шёном, изменил правила: один ингредиент — один парфюм.

Этот аромат чаще ищут: Escentric Molecules Molecule 02, молекула 02 амброксан, Escentric 02 отзывы, молекулярный парфюм унисекс, единственная молекула парфюм"
25,in_stock,Nomad Smoke,Gypsy Water,Byredo,uni,fresh,древесные фужерные,,"Можжевельник, Лимон, Бергамот и Перец","Иглы сосны, Ладан и Корень ириса","Ваниль, Сандал и Амбра",,"Byredo Gypsy Water — аромат вечных странников и ночных костров. Шведский дом Byredo, основанный Беном Горхэмом в 2006 году, создал в нём романтику цыганской свободы: можжевельник, перец и лимон открывают его по-лесному свежо, а ладан и корень ириса придают средней части медитативную глубину. Сандал и амбра в основании — тёплые, уютные, как угасающий огонь. Культовый нишевый хит.

Этот аромат чаще ищут: Byredo Gypsy Water, Бирэдо Джипси Уотер, Byredo цыганская вода, нишевый древесный унисекс byredo, gypsy water отзывы"
26,in_stock,Savanna Dance,Bal D'Afrique,Byredo,uni,floral,цветочные,,"Бергамот, African Marigold и Бучу",Фиалка и Цикламен,Ветивер и Кедр,hit,"Byredo Bal d'Afrique — приглашение на бал в лунную африканскую ночь. Этот аромат — дань уважения художнику Александру Калдеру и его поездкам в Африку. Африканский бархатец и бучу создают экзотическое и зелёное открытие, фиалка добавляет пудровую мягкость, а ветивер с кедром заземляют всё в земном, тёплом шлейфе. Byredo умеет рассказывать истории через запах — и эта одна из лучших.

Этот аромат чаще ищут: Byredo Bal d'Afrique, Бирэдо Бал Д'Африк, африканский цветочный парфюм, byredo bal d afrique отзывы, нишевый экзотический унисекс"
27,in_stock,Ethereal,Blanche,Byredo,f,floral,цветочные альдегидные,,"Альдегиды, Роза и Розовый перец","Пион, Фиалка и Африканский апельсиновый цвет","Мускус, Древесные ноты и Сандал",,"Byredo Blanche — чистота, возведённая в абсолют. В мире, где парфюмерия всё больше усложняется, Blanche говорит о простоте: свежие альдегиды, едва уловимая роза и пион создают ощущение белого постельного белья, только что с сушки на солнечном балконе. Бирэдо намеренно делает его почти нейтральным — это аромат чистой кожи, существующий на грани восприятия.

Этот аромат чаще ищут: Byredo Blanche, Бирэдо Бланш, белый чистый альдегидный парфюм женский, byredo blanche отзывы, нишевый нежный женский парфюм"
28,in_stock,Akigal No. 3,Bois Imperial,Essential Parfums,uni,fresh,фужерные,,"Акигалавуд, древесные ноты, базилик, ветивер, перец тимут, амброксан, пачули",,,,"Essential Parfums Bois Impérial — одна из самых дерзких работ парфюмера Кьяры Фогарини. Акигалавуд — синтетический ингредиент нового поколения — здесь звучит во всю мощь: сухое, тёплое, почти металлическое дерево с пряной горчинкой перца тимут. Пачули и ветивер дают земную глубину, амброксан — современную прозрачность. Парижский дом Essential Parfums предлагает нишевое качество по демократичной цене.

Этот аромат чаще ищут: Essential Parfums Bois Imperial, Эссэншл Парфюм Буа Империаль, акигалавуд парфюм, essential parfums отзывы, нишевый древесный унисекс акигала"
29,in_stock,Belle Evidence,La vie est belle,Lancome,f,floral,цветочные фруктовые сладкие,,Черная смородина и Груша,"Ирис, Жасмин и Цветок апельсина","Пралине, Ваниль, Пачули и Бобы тонка",hit,"Lancôme La Vie Est Belle — «жизнь прекрасна» в каждом флаконе. Этот аромат 2012 года занимает особое место в истории: он разошёлся тиражами, которые мало кому снятся, и при этом не потерял очарования. Парфюмер Оливье Польж вывел «иристый гурман» — когда ирис, редкий и утончённый, встречается с пралине и ванилью в одном аккорде. Результат — сладкий, нежный, праздничный шлейф, который хочется носить снова и снова.

Этот аромат чаще ищут: Lancome La Vie Est Belle, Ланком жизнь прекрасна, ирис ваниль пралине парфюм, la vie est belle отзывы, сладкий французский женский парфюм"
30,in_stock,Fearless,Libre,YSL,f,fresh,восточные фужерные,,"Лаванда, Мандарин, Черная смородина и Петитгрейн","Лаванда, Цветок апельсина и Жасмин","Мадагаскарская ваниль, Мускус, Кедр и Серая амбра",hit,"YSL Libre — декларация свободы от Saint Laurent. С 2019 года этот аромат стал символом женщины, живущей по собственным правилам. Парфюмер Карло Беллавита соединил лаванду Прованса с цветком апельсина — и это было революционно: никогда прежде лаванда не звучала так женственно и страстно. Мадагаскарская ваниль и серая амбра в финале придают ему тёплую, обволакивающую долговечность.

Этот аромат чаще ищут: YSL Libre, Ив Сен Лоран Либре, лаванда женский парфюм YSL, Libre отзывы, оранжевый флакон YSL женский"
31,in_stock,Noir Café,Black Opium,YSL,f,oriental,восточные гурманские,,"Груша, Розовый перец и Цветок апельсина","Кофе, Жасмин, Горький миндаль и Лакричник","Ваниль, Пачули, Кашемировое дерево и Кедр",hit,"YSL Black Opium — ночная версия классической «Опиум». С 2014 года этот аромат определяет эстетику ночного города. Кофе в его сердце — не банальный кофейный аромат, а почти наркотический, горьковатый, насыщенный. Розовый перец добавляет остроты, жасмин — томность, а ваниль с пачули создают долгий, чёрный, безупречный шлейф. Это аромат для тех, кто не спит до рассвета.

Этот аромат чаще ищут: YSL Black Opium, Ив Сен Лоран Блэк Опиум, кофейный женский парфюм, black opium отзывы, чёрный флакон YSL женский"
32,in_stock,Black Signature,Tuxedo,YSL,uni,sweet,шипровые,,"Лист фиалки, Кориандр и Бергамот","Роза, Черный перец и Ландыш","Пачули, Бурбонская ваниль и Серая амбра",,"YSL Tuxedo — андрогинный шедевр от Saint Laurent. Этот аромат 2018 года — манифест элегантности без гендерных ограничений. Лист фиалки и кориандр открывают его с зелёной, почти холодной свежестью, роза и чёрный перец в сердце придают характер и стать, а пачули с бурбонской ванилью и серой амброй создают шлейф, достойный красной дорожки. Смокинг не требует пола.

Этот аромат чаще ищут: YSL Tuxedo, Ив Сен Лоран Смокинг, YSL унисекс элегантный, tuxedo ysl отзывы, шипровый унисекс парфюм"
33,in_stock,Wild Silk,Babycat,YSL,uni,oriental,восточные пряные,,"Мандарин, Кардамон, Корица","Туркиш роза, Уд, Жасмин","Бобы тонка, Пачули, Ваниль, Амбра",hit,"YSL Babycat — мягкий, чувственный мускус от Saint Laurent, вдохновлённый образом дикой кошки. Несмотря на название «кошачий» — это совершенно ненавязчивый и универсальный аромат: ванильно-мускусная основа создаёт ощущение тёплой, бархатистой кожи. Идеален для тех, кто ищет подписной «кожный» аромат без лишней громкости.

Этот аромат чаще ищут: YSL Babycat, Ив Сен Лоран Бэйбикэт, мускусный парфюм кошка YSL, babycat ysl отзывы, мягкий ванильный парфюм унисекс"
34,in_stock,Cardamon Spice,Intoxicated,Killian,uni,oriental,восточные пряные,,,,,,"By Kilian Intoxicated — пряная одержимость в каждой капле. Кардамон здесь возведён в культ: его жгучая специйность открывается мгновенно и ведёт весь аромат. Это не просто «восточная» история — это кофейня в Стамбуле на рассвете, где пахнет специями, дымом и тёплым молоком. Дом By Kilian, основанный Килианом Хеннесси, работает только с дорогими сырьевыми материалами — и здесь это ощущается в каждой ноте.

Этот аромат чаще ищут: By Kilian Intoxicated, Килиан Интоксикейтед, кардамон кофе парфюм Килиан, kilian intoxicated отзывы, пряный восточный нишевый унисекс"
35,in_stock,Vanilla Coast,Vanilla vibes,Killian,uni,oriental,восточные гурманские,,"Ваниль, Морская соль","Ваниль абсолю, Орхидея","Мускус, Тонка, Сандал, Бензоин",hit,"By Kilian Vanilla Vibes — ода солнечному пляжу и беспечному лету. Ваниль здесь подана в морской оправе: морская соль в открытии придаёт ей неожиданную свежесть, орхидея и ваниль абсолю создают кремовое, бархатистое сердце, а тонка и мускус в финале удерживают аромат долго и нежно. Это аромат отпуска — тот самый, который хочется захватить с собой домой.

Этот аромат чаще ищут: By Kilian Vanilla Vibes, Килиан ваниль вайбс, морской ванильный парфюм, kilian vanilla vibes отзывы, ванильный пляжный унисекс"
36,in_stock,Royal Blush,Delina Exclisif,Parfums de Marly,f,fresh,восточные,,"Личи, Груша, Бергамот, Грейпфрут и Розовый перец","Турецкая роза, Уд и Ладан","Ваниль, Амбра, Древесные ноты, Мускус, Ветивер и Эвернил",hit,"Parfums de Marly Delina Exclusif — роскошная лимитированная версия культовой Delina. Если оригинал уже был шедевром, то Exclusif подняла планку ещё выше: более концентрированная формула, более насыщенные восточные ноты. Личи и груша открывают его фруктово-сочно, турецкая роза с удом создают пышное, неотразимое сердце, а ваниль и амбра в финале — это чистая роскошь. Для тех, кто любит быть в центре внимания.

Этот аромат чаще ищут: Parfums de Marly Delina Exclusif, Парфюм де Марли Делина Эксклюзив, PDM Delina Exclusif отзывы, роза личи уд женский, розовый нишевый парфюм для женщин"
37,in_stock,Clean Couture,Valaya,Parfums de Marly,f,floral,цветочные фруктовые,,"Роза, Грейпфрут, Личи, Бергамот","Фрезия, Пион, Жасмин","Мускус, Кедр, Сандал",,"Parfums de Marly Valaya — цветочная нежность в духе конного двора Версаля. Этот аромат назван в честь скаковой лошади из коллекции Наполеона. Роза и грейпфрут открывают его с элегантной фруктовостью, пион и фрезия создают воздушное, романтичное сердце, а мускус с кедром дают лёгкий, чистый шлейф. Valaya — для тех, кто ценит аристократизм без излишеств.

Этот аромат чаще ищут: Parfums de Marly Valaya, Парфюм де Марли Валайя, PDM Valaya отзывы, цветочный элегантный женский нишевый, PDM розовый лёгкий женский"
38,in_stock,Warm cashemere,Althair,Parfums de Marly,m,oriental,восточные гурманские,,"Корица, Кардамон, Цветок апельсина и Бергамот",Бурбонская ваниль и Элеми,"Пралине, Мускус, Ambroxan, Гваяк, Бобы тонка и Засахаренный миндаль",hit,"Parfums de Marly Althair — роскошный восточный аромат для мужчин с дворцовым характером. Корица, кардамон и бергамот создают пряное, праздничное открытие, бурбонская ваниль в сердце добавляет сладкую глубину, а базовый аккорд из пралине, тонки и засахаренного миндаля превращает его в настоящую гастрономическую поэзию. Для вечеров, когда важно оставить след.

Этот аромат чаще ищут: Parfums de Marly Althair, Парфюм де Марли Альтаир, PDM Althair мужской, ванильный гурман мужской нишевый, althair parfums de marly отзывы"
39,in_stock,White horizon,My Way,ARMANI,f,floral,цветочные,,Цветок апельсина и Бергамот,Тубероза и Индийский жасмин,"Мадагаскарская ваниль, Белый мускус и Вирджинский кедр",,"Giorgio Armani My Way — аромат, открытый миру. Запущенный в 2020 году, он стал гимном открытости и путешествий: бергамот и цветок апельсина ведут в тёплые, цветочные края, где тубероза встречается с индийским жасмином. Мадагаскарская ваниль и вирджинский кедр создают чистый, облегчённый финал. Сырьё для этого аромата собирается в разных уголках мира, и это не просто слова — это часть его ДНК.

Этот аромат чаще ищут: Armani My Way, Армани Май Вэй, цветочный женский Армани, my way armani отзывы, туберроза жасмин женский парфюм"
40,in_stock,Triumph,Absolu Aventus,Creed,m,sweet,шипровые фруктовые,,"Ананас, Черная смородина, Грейпфрут, Бергамот, Лимон и Розовый перец","Кардамон, Корица и Имбирь",Пачули и Ветивер,,"Creed Absolu Aventus — современная интерпретация легендарного Aventus, созданная в 2023 году сыном основателя Оливье Кридом совместно с сыном Эрвином. Ананас и цитрусы открывают её по-прежнему уверенно, но кардамон, корица и имбирь придают новый, пряный поворот. Финал из пачули и ветивера — сухой, элегантный. Это Creed нового поколения — для тех, кто уже знает эту историю и готов к следующей главе.

Этот аромат чаще ищут: Creed Absolu Aventus, Криид Абсолю Авентус, новый Авентус Криид, aventus absolu мужской, creed absolu aventus отзывы"
41,in_stock,Aqua Fresca,Pacific Chill,Louis Vuitton,uni,fresh,фужерные фруктовые,,"Цитрон, Апельсин, Мята, Лимон, Черная смородина и Кориандр","Абрикос, Базилик, Семена моркови и Майская роза","Инжир, Финики и Амбретта",,"Louis Vuitton Pacific Chill — аромат западного побережья, где Тихий океан встречает Калифорнию. Парфюмер Жак Кавалье-Беллетруд создал его как ольфакторную открытку: мятный цитрон, апельсин и чёрная смородина создают свежую, почти акварельную вспышку, абрикос и майская роза добавляют мягкое фруктовое сердце, а инжир с финиками дают экзотичный, землистый финал. Это аромат перемены часового пояса.

Этот аромат чаще ищут: Louis Vuitton Pacific Chill, Луи Виттон Пасифик Чилл, LV свежий летний унисекс, pacific chill отзывы, louis vuitton цитрусовый фруктовый"
42,in_stock,Oud Noir,Ombre nomade,Louis Vuitton,uni,woody,восточные древесные,,"уд, ладан, роза, малина, древесный янтарь, шафран, береза, бензоин и герань",,,,"Louis Vuitton Ombre Nomade — один из самых смелых ориентальных ароматов дома. Жак Кавалье-Беллетруд работал с удом из Лао — одним из самых редких и ценных в мире — и соединил его с ладаном, розой и малиной. Результат: тёмный, многослойный аромат, который в первые минуты оглушает своей мощью, а затем раскрывается в волнующий, смолистый шлейф. Для тех, кто не боится быть услышанным.

Этот аромат чаще ищут: Louis Vuitton Ombre Nomade, Луи Виттон Омбр Номад, LV удовый ориентальный, ombre nomade отзывы, louis vuitton уд лао"
43,in_stock,Cadence,Symphony,Louis Vuitton,uni,fresh,цитрусовые,,"грейпфрут, бергамот, имбирь",,,,"Louis Vuitton Symphony — парфюмерная симфония в трёх нотах. Жак Кавалье-Беллетруд намеренно ограничился лаконичной формулой: грейпфрут, бергамот и имбирь. Три голоса, которые звучат слаженно, не заглушая друг друга. Symphony — это аромат для тех, кто ценит прозрачность и сдержанность. Идеален для начала дня или делового повода.

Этот аромат чаще ищут: Louis Vuitton Symphony, Луи Виттон Симфония, LV цитрусовый минималистичный, symphony louis vuitton отзывы, грейпфрут бергамот унисекс"
44,in_stock,Jeu de Coeur,Spell on you,Louis Vuitton,f,floral,цветочные,,"Фиалка, Тосканский ирис и Зеленые ноты","Тосканский ирис, Роза и Китайский жасмин","Акация, Персик и Белый мускус",hit,"Louis Vuitton Spell on You — цветочное заклинание от парижского дома. Парфюмер Жак Кавалье-Беллетруд работал здесь с тосканским ирисом — одним из самых дорогих ингредиентов в мире. Фиалка и зелёные ноты открывают аромат с нежной свежестью, ирис и роза создают роскошное флоральное сердце, а белый мускус и персик оставляют мягкий, притягательный шлейф. Это аромат для романтических историй.

Этот аромат чаще ищут: Louis Vuitton Spell on You, Луи Виттон Спелл он ю, LV цветочный ирис женский, spell on you отзывы, louis vuitton флоральный дорогой"
45,in_stock,Pistachio & Creme,Pistachio Gelato,Kayali,uni,floral,цветочные фруктовые сладкие,,"Фисташки, Мороженое, Бергамот, Лесной орех, Ром и Кардамон","Ландыш, Груша, Жасмин, Пион, Герань, Белый персик и Малина","Взбитые сливки, Маршмеллоу, Сахарная вата, Бобы тонка, Лукум, Сандал, Кедр и Какао",hit,"Kayali Yum Pistachio Gelato | 33 — гастрономическое приключение в стиле ближневосточного нишевого дома. Созданный семьёй Катиби, основавшей Kayali в 2018 году, этот аромат — буквально жидкое фисташковое мороженое: фисташка, фундук и ром открывают его аппетитно и игриво, пион с малиной делают сердце цветочно-ягодным, а взбитые сливки, маршмеллоу и тонка в финале — чистый гурманский кайф. Для тех, кто любит сладкие истории.

Этот аромат чаще ищут: Kayali Yum Pistachio Gelato, Каяли фисташковое мороженое, Kayali Pistachio 33 отзывы, гурманный фисташка парфюм, kayali 33 цена"
46,on_order,Miss Dior Blooming Bouquet,Miss Dior Blooming Bouquet,Dior,f,floral,цветочные,"весна / лето, день","Бергамот, Душистый горошек","Пион, Дамасская роза",Белый мускус,hit,"Miss Dior Blooming Bouquet — романтический манифест дома Dior, перезапущенный в 2023 году. Натали Портман, уже много лет представляющая линию Miss Dior, воплощает в рекламе его философию: «Любовь — это букет». Бергамот и душистый горошек открываются свежо и игриво, пион с дамасской розой создают пышное цветочное сердце, а белый мускус в финале — лёгкий, как утренний воздух. Это квинтэссенция женственности без усилий: молодой, лёгкий, неизменно притягательный.

Этот аромат чаще ищут: Miss Dior Blooming Bouquet, Мисс Диор Блуминг Букет, диор розовый флакон женский, пион мускус Dior, Натали Портман парфюм Dior"
47,on_order,Gris Dior,Gris Dior,Dior,uni,sweet,шипровые,"осень / зима, день / вечер","Бергамот, фиалка, цитрус","Роза, дубовый мох","Пачули, Сандал, Амбра, Кедр",,"Gris Dior — ольфакторный портрет цвета «серый Dior», которым кутюрье Кристиан Диор был одержим всю жизнь. Этот аромат, ранее известный как Gris Montaigne, принадлежит нишевой линии La Collection Privée. Парфюмер Франсуа Демаши создал шипровую поэму: бергамот и цитрусы открывают его с деликатной свежестью, роза с дубовым мхом создают сложное, многогранное сердце, а пачули, сандал и амбра придают ему глубину и стать. Это аромат тихой роскоши — для тех, кто не нуждается в объяснениях.

Этот аромат чаще ищут: Gris Dior, Гри Диор, Dior Collection Privee серый, шипровый унисекс Dior, Gris Montaigne Dior"
48,on_order,Rose Kabuki,Rose Kabuki,Dior,uni,floral,цветочные,"весна / лето, день","Роза, зелёные ноты","Роза, Белый мускус","Белый мускус, древесные ноты",,"Dior Rose Kabuki — трепетная дань уважения японскому театральному искусству и розовым садам Кристиана Диора. Также из линии La Collection Privée, он создан Франсуа Демаши по образу грима актёров кабуки: роза здесь не кричит, а шепчет — свежая, росистая, покрытая дымкой белого мускуса. Зелёные ноты передают стебель и лист, приближая аромат к живому цветку. Лёгкий, почти невесомый, он остаётся на коже как воспоминание о саде после дождя.

Этот аромат чаще ищут: Dior Rose Kabuki, Диор Роуз Кабуки, Dior Collection Privee роза, нишевая роза Dior, Rose Kabuki отзывы"
49,on_order,Olympéa Flora,Olympéa Flora,Paco Rabanne,f,floral,цветочные фруктовые,"весна / лето, день","Имбирь, Зелёный мандарин","Магнолия, Жасмин","Белый мускус, Сандал, Амбра",hit,"Paco Rabanne Olympéa Flora — «зелёная» богиня из линии Olympéa, запущенная в 2021 году. Если классическая Olympéa была дерзкой и пряной, то Flora решена в нежном, природном ключе: имбирь и зелёный мандарин открывают её свежо и цитрусово, магнолия в сердце добавляет деликатную экзотику, а белый мускус с сандалом создают чистый, лёгкий шлейф. Для тех, кто ценит цветочную женственность без сладости.

Этот аромат чаще ищут: Olympea Flora Paco Rabanne, Олимпия Флора Пако Рабан, зелёная Олимпия женский, Olympea Flora отзывы, Paco Rabanne цветочный женский"
50,on_order,1 Million Royal,1 Million Royal,Paco Rabanne,m,woody,восточные древесные,"осень / зима, вечер","Кардамон, Мандарин, Бергамот","Лаванда, Шалфей, Лист фиалки","Бензоин, Кедр, Пачули",hit,"Paco Rabanne 1 Million Royal — королевское расширение линейки 1 Million, выпущенное в 2023 году. Парфюмер Квентин Бищ взял узнаваемую ДНК бренда и перевёл её на более зрелый, уверенный язык: кардамон и мандарин открываются пряно, лаванда с шалфеем придают благородство сердцу, а бензоин в основании создаёт ванильно-смолистый, долгий шлейф. Это 1 Million для мужчины, который знает, чего хочет от жизни.

Этот аромат чаще ищут: Paco Rabanne 1 Million Royal, 1 Миллион Роял мужской, Paco Rabanne кардамон бензоин, 1 million royal отзывы, пако рабан золотой флакон"
51,on_order,Yes I Am Bloom Up!,Yes I Am Bloom Up!,Cacharel,f,floral,цветочные фруктовые,"весна / лето, день","Красные ягоды, Зелёный мандарин","Пион, Цветок апельсина","Бензоин, Сандал",hit,"Cacharel Yes I Am Bloom Up! — жизнерадостное продолжение линейки Yes I Am, появившееся в 2023 году. Дом Cacharel, подаривший нам легендарную Anaïs Anaïs, и здесь остался верен молодой, оптимистичной аудитории. Красные ягоды и зелёный мандарин открываются с фруктовым взрывом, пион с цветком апельсина создают нежное, чуть кремовое сердце, а бензоин и сандал мягко заземляют всё в уютном финале. Яркий и доступный, но по-настоящему приятный аромат.

Этот аромат чаще ищут: Cacharel Yes I Am Bloom Up, Кашарель Да Я Блум Ап, Yes I Am Bloom Up отзывы, ягодный пион женский парфюм, cacharel 2023"
52,on_order,Good Girl Gone Bad,Good Girl Gone Bad,By Kilian,f,floral,цветочные,"круглый год, вечер","Османтус, Персик, Нероли, Бергамот, Мандарин, Корица","Тубероза, Жасмин, Нарцисс, Майская роза","Амбра, Кедр, Сандал, Ветивер, Пачули",,"By Kilian Good Girl Gone Bad — ольфакторный манифест соблазна, созданный парфюмером Альберто Мориллясом в 2012 году. Килиан Хеннесси, внук основателя коньячного дома Hennessy, построил свой бренд на идее «нарциссовых» ароматов — и Good Girl Gone Bad стал их символом. Тубероза абсолют, жасмин и нарцисс создают в сердце ошеломляющий белый флоральный вихрь — одновременно невинный и провокационный. Этот аромат — метафора Евы, вкусившей запретное.

Этот аромат чаще ищут: By Kilian Good Girl Gone Bad, Килиан Гуд Гёрл Гон Бэд, нишевый тубероза жасмин, good girl gone bad отзывы, белый флораль Kilian нишевый"
53,on_order,Les Sables Roses,Les Sables Roses,Louis Vuitton,uni,floral,восточные цветочные,"осень / зима, вечер","Роза, Болгарская роза","Чёрный перец, Шафран","Уд, Амбра",,"Louis Vuitton Les Sables Roses — «розовые пески» как поэтический образ и парфюмерная реальность. Мастер-парфюмер Жак Кавалье-Беллетруд вдохновился рассветом над арабской пустыней: первые лучи солнца смешиваются с дюнами и небом в нежный розовый оттенок. Центифольная роза абсолют и болгарская роза составляют ослепительный цветочный центр, чёрный перец и шафран придают восточную пряность, а уд из Лао с амброй создают долгий, роскошный, глубокий финал. Один из самых признанных ароматов коллекции.

Этот аромат чаще ищут: Louis Vuitton Les Sables Roses, Луи Виттон Розовые Пески, LV роза уд восточный, les sables roses отзывы, Louis Vuitton rose oud"
54,on_order,Myriad,Myriad,Louis Vuitton,uni,fresh,восточные,"осень / зима, вечер",Шафран,"Болгарская роза, Роза из Грасса","Уд из Ассама, Амбретта, Какао, Белый мускус",,"Louis Vuitton Myriad — тёмный и таинственный, как ночное небо над пустыней. Жак Кавалье-Беллетруд создал его в 2023 году как часть коллекции Les Extraits, работая с ассамским удом — одним из самых редких и дорогих в парфюмерии. Шафран открывает аромат пряно и таинственно, болгарская роза с розой из Грасса создают пышное цветочное сердце, а уд с какао и амброй в финале придают ему анималистическую глубину. Мириад — для тех, кто готов к настоящей ароматической экспедиции.

Этот аромат чаще ищут: Louis Vuitton Myriad, Луи Виттон Мириад, LV уд роза шафран, Myriad отзывы, Louis Vuitton Les Extraits новинка"
55,on_order,L'Immensité,L'Immensité,Louis Vuitton,m,oriental,восточные пряные,"весна / лето / осень, день","Грейпфрут, Бергамот, Имбирь","Розмарин, Шалфей, Герань, Водяные ноты","Амброксан, Амбра, Ладанум",,"Louis Vuitton L'Immensité — аромат для любителей открытого горизонта. Жак Кавалье-Беллетруд черпал вдохновение в морских просторах: имбирь, грейпфрут и бергамот открываются свежо и пряно, розмарин с геранью создают травянисто-морское сердце, а амброксан с ладанумом в основании придают теплоту и стойкость. Это аромат для мужчин, которые смотрят вдаль — в буквальном и переносном смысле. Один из самых цитируемых в своём классе.

Этот аромат чаще ищут: Louis Vuitton L'Immensite, Луи Виттон Лимменсите, LV свежий морской мужской, l immensite отзывы, immensite louis vuitton"
56,on_order,Yum Pistachio Gelato | 33,Yum Pistachio Gelato | 33,Kayali,uni,floral,цветочные фруктовые сладкие,"весна / лето / осень, день","Фисташки, Мороженое, Бергамот, Фундук, Ром, Кардамон","Ландыш, Груша, Жасмин, Пион, Малина","Взбитые сливки, Маршмеллоу, Тонка, Сандал, Какао",hit,"Kayali Yum Pistachio Gelato | 33 — ароматный десерт от семьи Катиби, основавшей Kayali в 2018 году. Этот парфюм — прямое обращение к чувственной памяти: фисташки, взбитые сливки и маршмеллоу воссоздают вкус итальянского джелато в стаканчике под палящим солнцем. Ром и кардамон добавляют пикантность, пион с малиной — цветочную нежность, а тонка с какао делают финал тёплым и долгим. Аромат, который невозможно игнорировать.

Этот аромат чаще ищут: Kayali Yum Pistachio Gelato 33, Каяли фисташковое желато, Kayali pistachio отзывы, гурманный фисташка парфюм сладкий, kayali 33"
57,on_order,Flora Gorgeous Magnolia,Flora Gorgeous Magnolia,Gucci,f,floral,цветочные фруктовые,"весна / лето / осень, день","Дьюберри, Кокос","Магнолия, Жасмин Самбак, Шалфей",Пачули,hit,"Gucci Flora Gorgeous Magnolia — третья глава новой флоральной саги Gucci, появившаяся в 2023 году. Дом обновил легендарный флакон в фиолетовых тонах и наполнил его чем-то одновременно сочным и нежным: дьюберри и кокос открываются фруктово и тропически, магнолия с жасмином самбак создают пышный цветочный центр, а пачули в финале добавляет тёмное, смолистое послевкусие. Это Flora, повзрослевшая и ставшая загадочнее.

Этот аромат чаще ищут: Gucci Flora Gorgeous Magnolia, Гуччи Флора Магнолия, Gucci фиолетовый флакон, flora gorgeous magnolia отзывы, Gucci женский цветочный 2023"
58,on_order,Boss Bottled Elixir,Boss Bottled Elixir,Hugo Boss,m,woody,восточные древесные,"осень / зима, вечер","Кардамон, Ладан","Ладан, Кедр","Ветивер, Пачули, Ладанум, Кедр",hit,"Hugo Boss Boss Bottled Elixir — неожиданный и смелый шаг от массового дома, вышедший в 2023 году. Парфюмеры Анник Менардо и Сюзи Ле Элле создали аромат, который по качеству и характеру легко конкурирует с нишевыми марками: кардамон и ладан открываются мощно и пряно, кедр в сердце добавляет сухую аристократичность, а финал из ветивера и пачули с ладанумом — тёплый, смолистый, долгий. Это Boss, каким его ещё не видели.

Этот аромат чаще ищут: Hugo Boss Boss Bottled Elixir, Хьюго Босс Элексир, Boss Bottled Elixir отзывы, ладан кедр мужской парфюм, boss elixir 2023"
59,on_order,Lust For Sun,Lust For Sun,Juliette Has A Gun,uni,floral,цветочные,"весна / лето, день","Кокос, Фрезия, Бергамот","Гардения, Жасмин, Иланг-иланг, Цветок апельсина","Белый мускус, Амброксан, Ваниль",hit,"Juliette Has A Gun Lust for Sun — солнечный коктейль от парижского парфюмерного дома, основанного Романо Риччи в 2005 году. Этот аромат 2023 года создавался как запах кожи, нагретой солнцем у бассейна: кокос и бергамот открываются свежо и тропически, гардения с жасмином и иланг-илангом составляют пышную цветочную оду лету, а белый мускус и амброксан в финале создают шлейф разогретой кожи. Для тех, кто хочет унести лето с собой.

Этот аромат чаще ищут: Juliette Has A Gun Lust for Sun, Джульетта с Пистолетом летний, JHAG кокос жасмин, lust for sun отзывы, пляжный летний парфюм 2023"
60,on_order,Orza,Orza,Tiziana Terenzi,uni,floral,цветочные фруктовые,"весна / лето, день / вечер","Лесные ягоды, Кокос, Зелёное яблоко, Слива, Мандарин, Магнолия","Жасмин, Болгарская роза, Ландыш","Карамель, Мускус, Ваниль, Бензоин, Амбра, Сандал",hit,"Tiziana Terenzi Orza — щедрый, праздничный аромат от римского семейного дома, основанного в 1960 году как производство свечей. Orza — воплощение итальянской жизнерадостности: ягоды, кокос, яблоко и слива создают фруктовое изобилие, жасмин с болгарской розой добавляют флоральную романтику, а карамельно-ванильная база делает его по-настоящему обволакивающим. Аромат разлит в характерном флаконе из муранского стекла — само по себе произведение искусства.

Этот аромат чаще ищут: Tiziana Terenzi Orza, Тициана Терензи Орза, итальянский нишевый фруктовый, Orza отзывы, tiziana terenzi фруктовый сладкий"
61,on_order,For Her Musk Nude,For Her Musk Nude,Narciso Rodriguez,f,floral,цветочные мускусные,"круглый год, день","Розовый перец, Жасмин, Белые цветы","Роза, Цветок апельсина, Фирменный мускус Narciso","Тонка, Кедр, Пачули",,"Narciso Rodriguez For Her Musc Nude — утончённая вариация на тему фирменного мускуса дома, созданная парфюмером Соней Константен. Narciso Rodriguez с самого первого аромата 2003 года строил свою философию на «мускусе второй кожи», и Musc Nude — его самое нежное воплощение. Розовый перец добавляет лёгкую игривость, роза и жасмин создают деликатное флоральное сердце, а финал из тонки и пачули превращает аромат в тёплый, неотступный шлейф. Это парфюм, который называют «собственным телом, только лучше».

Этот аромат чаще ищут: Narciso Rodriguez For Her Musk Nude, Нарцисо Родригес Мускус Нюд, мускусный нежный женский, musc nude отзывы, narciso rodriguez for her 2024"
62,on_order,Blanche Bête,Blanche Bête,Liquides Imaginaires,uni,woody,цветочные древесно-мускусные,"осень / зима, вечер","Молоко, Амбретта, Мистикаль","Тубероза, Жасмин, Ладан, Магнолиаль","Ваниль, Мускус, Тонка, Какао",,"Les Liquides Imaginaires Blanche Bête — «белый зверь», существо из ольфакторной сказки. Парижский нишевый дом создаёт ароматы как литературные произведения, и Blanche Bête — один из самых обсуждаемых. Парфюмер Луиза Тёрнер использовала молочный аккорд и амбретту для молочно-теплого открытия, тубероза с жасмином создают нежную, почти тревожную цветочную середину, а ваниль, тонка и какао в финале превращают его в бархатистое, уютное облако. Культовый аромат поколения.

Этот аромат чаще ищут: Blanche Bete Liquides Imaginaires, Бланш Бет Ликид Имажинер, молочный тубероза нишевый, blanche bete отзывы, les liquides imaginaires парфюм"
63,on_order,Afternoon Swim,Afternoon Swim,Louis Vuitton,uni,fresh,цитрусовые,"весна / лето, день","Мандарин, Сицилийский апельсин, Бергамот","Водяные ноты, Кокос",Белый мускус,,"Louis Vuitton Afternoon Swim — послеполуденный заплыв в флаконе. Жак Кавалье-Беллетруд создал ольфакторный снэпшот середины дня: сицилийский апельсин и мандарин сверкают в открытии, кокос и водяные ноты погружают в атмосферу бассейна, а белый мускус в финале — это запах чистой влажной кожи после купания. Минималистичный и освежающий, он идеален для жары.

Этот аромат чаще ищут: Louis Vuitton Afternoon Swim, Луи Виттон Afternoon Swim, LV летний плавательный, afternoon swim отзывы, luis vuitton цитрусовый мускус лето"
64,on_order,My Way Parfum,My Way Parfum,Armani,f,floral,восточные цветочные,"круглый год, вечер","Бергамот, Тубероза","Тубероза, Жасмин","Сандал, Мускус, Ваниль",,"Giorgio Armani My Way Parfum — более концентрированная, роскошная версия любимого My Way. Если оригинал звучал лирично и воздушно, то Parfum — это его зрелая, чувственная сестра. Тубероза здесь берёт на себя главную роль: сочная, кремовая, немного головокружительная — она составляет сердце аромата вместе с жасмином. Сандал и ваниль в финале придают ему тёплую интимность. Идеален для осенних вечеров и особых случаев.

Этот аромат чаще ищут: Armani My Way Parfum, Армани Май Вэй Парфюм, туберроза женский парфюм Armani, my way parfum отзывы, Giorgio Armani parfum 2022"
65,on_order,Rose Musk,Rose Musk,Montale,f,woody,цветочные древесно-мускусные,"круглый год, день","Роза, Бергамот","Роза, Мускус","Белый мускус, Кедр",hit,"Montale Roses Musk — кристально чистый розово-мускусный дуэт от французского дома, вдохновлённого Востоком. Пьер Монталь, проживший годы в Саудовской Аравии, умеет работать с розой: здесь она звучит свежо, без пудры и без тяжести, поддержанная жасмином и лёгким бергамотом. Мускусный финал делает аромат «кожным» и долгим. Это один из самых доступных и универсальных флоральных в линейке Montale.

Этот аромат чаще ищут: Montale Roses Musk, Монталь роза мускус, цветочный мускусный Montale, roses musk отзывы, розовый парфюм унисекс Монталь"
66,on_order,Red Tobacco,Red Tobacco,Mancera,uni,oriental,восточные пряные,"осень / зима, вечер","Красные ягоды, Бергамот","Табак, Роза","Пачули, Ваниль, Мускус",,"Mancera Red Tobacco — дерзкий дуэт ягод и табака от парижского нишевого дома. Пьер Монталь, основавший Mancera как «секретный» проект, здесь создал провокационный контраст: красные ягоды и бергамот открывают аромат сочно и свежо, роза в сердце добавляет цветочную объёмность, а табак с пачули и ванилью в финале — это тёмный, смолистый, мужественный шлейф. Ягодно-табачный парфюм, который невозможно не заметить.

Этот аромат чаще ищут: Mancera Red Tobacco, Манцера Красный Табак, табачный ягодный унисекс, red tobacco mancera отзывы, нишевый табак парфюм"
67,on_order,Baccarat Rouge 540,Baccarat Rouge 540,Francis Kurkdjian,uni,floral,восточные цветочные,"круглый год, вечер","Шафран, Жасмин","Амберуд, Серая амбра, Гедион","Еловая смола, Кедр, Амброксан",,"Maison Francis Kurkdjian Baccarat Rouge 540 — аромат-эпоха. Созданный в 2015 году по заказу Baccarat к 250-летию хрустальной мануфактуры, он быстро стал самым обсуждаемым парфюмом десятилетия. За его простой на вид пирамидой скрывается сложная алхимия: шафран и жасмин создают пряно-цветочное открытие, amberwood — уникальный запатентованный аккорд — составляет сладко-древесное сердце, а еловая смола с амброксаном в финале оставляют шлейф, который держится сутками. Статусный, узнаваемый, безупречный.

Этот аромат чаще ищут: Baccarat Rouge 540, МФК 540, BR540 парфюм, Francis Kurkdjian отзывы, Баккара Руж нишевый"
68,on_order,Fleur Narcotique,Fleur Narcotique,Ex Nihilo,uni,floral,цветочные фруктовые,"весна / лето, день","Личи, Бергамот, Персик","Пион, Жасмин, Цветок апельсина","Мускус, Амбра",hit,"Ex Nihilo Fleur Narcotique — флагманский аромат парижского нишевого дома, основанного в 2013 году Яром Лагнадо и Элизой Комбье. «Наркотический цветок» соответствует своему имени: личи и персик создают тропически-сочное открытие, пион с жасмином наполняют сердце пышным флоральным опьянением, а мускус и амбра оставляют лёгкий, завораживающий шлейф. Это аромат, который замечают окружающие — и не могут забыть.

Этот аромат чаще ищут: Ex Nihilo Fleur Narcotique, Экс Нихило Флер Нарцотик, нишевый пион личи женский, fleur narcotique отзывы, ex nihilo paris парфюм"
69,on_order,Tobacco Vanille,Tobacco Vanille,Tom Ford,uni,oriental,восточные пряные,"осень / зима, вечер","Лист табака, Пряности","Ваниль, Какао, Тонка, Цветок табака","Сухофрукты, Древесные ноты",,"Tom Ford Tobacco Vanille — культовый аромат из линии Private Blend, запущенной Томом Фордом в 2007 году. Он стал одним из пионеров нишевого направления в мейнстриме и до сих пор остаётся эталоном табачно-ванильного жанра. Лист табака раскрывается тепло и пряно, какао и цветок табака придают сладкую глубину, а финальный аккорд из тонки и сухофруктов создаёт почти ликёрное, бесконечно тягучее послевкусие. Говорят, именно так пахнет воздух в кубинских сигарных лавках.

Этот аромат чаще ищут: Tom Ford Tobacco Vanille, Том Форд Тобакко Ваниль, табачный ванильный парфюм TF, tobacco vanille отзывы, том форд частная коллекция"
70,on_order,Lost Cherry,Lost Cherry,Tom Ford,uni,floral,восточные цветочные,"осень / зима, вечер","Горький миндаль, Чёрная вишня, Cherry Liqueur","Вишня, Слива, Турецкая роза, Жасмин Самбак","Ваниль, Тонка, Корица, Сандал, Бензоин, Кедр, Пачули",hit,"Tom Ford Lost Cherry — тёмная вишнёвая история из коллекции Private Blend 2018 года. Том Форд снова работал с запретными темами: горький миндаль и вишнёвый ликёр создают открытие, похожее на укус спелого марципана, турецкая роза с жасмином самбак добавляют флоральный объём, а финальный аккорд из ванили, тонки и корицы — тёплый, чувственный, обволакивающий. Аромат для тех, кто любит сладкую ночь.

Этот аромат чаще ищут: Tom Ford Lost Cherry, Том Форд Лост Черри, вишнёвый парфюм TF, lost cherry отзывы, том форд частная коллекция вишня"
71,on_order,Aventus,Aventus,Creed,m,sweet,шипровые фруктовые,"круглый год, день / вечер","Ананас, Чёрная смородина, Яблоко, Бергамот","Берёза, Пачули, Жасмин, Роза","Мускус, Дубовый мох, Амбра, Ваниль",,"Creed Aventus — легенда, которой уже больше 15 лет, и она по-прежнему задаёт стандарт. Французский дом Creed, ведущий историю с 1760 года и поставлявший ароматы королевским дворам Европы, создал в 2010 году парфюм-биографию Наполеона Бонапарта. Ананас и смородина открываются дерзко и ярко, берёза с пачули придают дымную, почти кожаную серединку, а дубовый мох и амбра в финале — это мужская сила и харизма в аромате. Aventus — не просто парфюм: это заявление о себе.

Этот аромат чаще ищут: Creed Aventus, Криид Авентус, классический мужской нишевый Creed, aventus отзывы, ананасовый дымный мужской парфюм"
72,on_order,Arabian Tonka,Arabian Tonka,Montale,uni,woody,восточные древесные,"осень / зима, вечер","Шафран, Бергамот","Уд, Болгарская роза","Бобы тонка, Амбра, Белый мускус, Дубовый мос",hit,"Montale Arabian Tonka — восточная элегия в бутоне тонки. Пьер Монталь вырос на Востоке и привнёс в французскую парфюмерию подлинный аравийский характер. Шафран и бергамот открываются тепло и пряно, уд с болгарской розой создают роскошное, насыщенное сердце, а тонка с амброй в финале — это бархатная, сладкая завеса, которая остаётся на коже часами. Монументальный ориентальный аромат для особых вечеров.

Этот аромат чаще ищут: Montale Arabian Tonka, Монталь Арабиан Тонка, шафран уд тонка парфюм, arabian tonka montale отзывы, восточный нишевый тёплый унисекс"
73,on_order,Le Mâle Elixir,Le Mâle Elixir,Jean Paul Gaultier,m,oriental,восточные пряные,"осень / зима, вечер","Лаванда, Ваниль","Амбра, Тонка","Карамель, Сандал, Пачули",,"Jean Paul Gaultier Le Mâle Elixir — усиленная, интенсивная версия культового Le Mâle, созданная в 2022 году. Дом JPG, известный своими провокационными образами и легендарным флаконом в виде торса, взял ДНК оригинала и насытил его до предела: лаванда и ваниль открываются тепло и чувственно, амбра с тонкой создают насыщенное, почти бархатное сердце, а карамельный финал с пачули и сандалом — это ночной шлейф, который остаётся в памяти. Парфюм для уверенных и бесстрашных.

Этот аромат чаще ищут: Jean Paul Gaultier Le Male Elixir, ЖПГ Ле Маль Элексир, JPG Le Male Elixir отзывы, лаванда карамель мужской парфюм, jean paul gaultier мужской 2022"
